{"train/clip_ratio/region_mean":0.00013020833721384407,"profiling/Time taken: GRPOTrainer.cvss_reward":0.05377779999980703,"train/learning_rate":2.5000000000000002e-08,"train_loss":0.0003440996920107864,"train/global_step":200,"train/rewards/cvss_reward/std":0.1534545198082924,"_step":3320,"train/completions/mean_length":95.375,"_runtime":350,"train/completions/max_length":192,"_timestamp":1.7541445076125538e+09,"profiling/Time taken: GRPOTrainer._prepare_inputs":2.1999585442245007e-06,"train/epoch":0.007237984944991315,"train/completions/min_length":1,"train/loss":0,"train/num_tokens":60306,"train/reward":-0.5948857367038727,"train_runtime":350.0336,"train/clip_ratio/high_mean":0.00013020833721384407,"_wandb":{"runtime":350},"train/completions/max_terminated_length":92,"train/reward_std":0.047198474407196045,"train_steps_per_second":0.571,"train/rewards/cvss_reward/mean":-0.5948857367038727,"train/clip_ratio/low_mean":0,"train/kl":0.003929853439331055,"total_flos":0,"train/clip_ratio/high_max":0.00013020833721384407,"train/completions/min_terminated_length":1,"train/completions/mean_terminated_length":31.5,"train_samples_per_second":2.285,"profiling/Time taken: GRPOTrainer._get_per_token_logps":0.022128499986138195,"profiling/Time taken: GRPOTrainer.compute_loss":0.048167500004637986,"train/completions/clipped_ratio":0.375,"train/clip_ratio/low_min":0,"train/frac_reward_zero_std":0.25,"train/grad_norm":0.58203125}