{"_wandb":{"runtime":1990},"train/val/ratio_var":0.19063659012317657,"train/lr":7.142857142857143e-07,"train/policy/approxkl_avg":0.00011014306801371276,"train/objective/kl":0.05374819040298462,"train/global_step":7,"_timestamp":1.7541432704791076e+09,"train/val/clipfrac_avg":0.0007305177859961987,"train/objective/entropy":-83.8941879272461,"train/epoch":0.016213086276780544,"train/val/ratio":0.25010520219802856,"train/objective/non_score_reward":-0.010749638080596924,"_step":6,"train/loss/value_avg":2.0483896732330322,"train/policy/entropy_avg":0.1890869140625,"train/policy/clipfrac_avg":0.0017717962618917227,"train/eps":0,"train/objective/rlhf_reward":7.359103202819824,"train/loss/policy_avg":-0.004060300532728434,"train/episode":224,"train/objective/scores":7.3698530197143555,"_runtime":1990,"train/val/num_eos_tokens":36}